sample	total_cells	t_cells	b_cells	t_cell_percent	b_cell_percent
T1	2165	1783	382	82.3556581986143	17.6443418013857
T2	625	399	226	63.84	36.16
T4	6955	3940	3015	56.6498921639109	43.3501078360891
T7	1775	1278	497	72	28
