sample	cell_type_dtl	count	percentage
T1	Tcell	1783	82.3556581986143
T1	Bcell	382	17.6443418013857
T2	Tcell	399	63.84
T2	Bcell	226	36.16
T4	Tcell	3940	56.6498921639109
T4	Bcell	3015	43.3501078360891
T7	Tcell	1278	72
T7	Bcell	497	28
