sample	cell_type_dtl	count	total_cells	percentage
N1	Tcell	203	25782	0.787371034054767
N2	Tcell	313	13556	2.30894069046916
N4	Tcell	294	13706	2.14504596527068
N7	Tcell	70	5750	1.21739130434783
T1	Tcell	1783	4607	38.7019752550467
T1	Bcell	382	4607	8.29172997612329
T2	Tcell	399	4897	8.1478456197672
T2	Bcell	226	4897	4.61507045129671
T4	Tcell	3940	12239	32.1921725631179
T4	Bcell	3015	12239	24.6343655527412
T7	Tcell	1278	4038	31.6493313521545
T7	Bcell	497	4038	12.3080733036157
