sample	t_cells	b_cells	total_cells	t_cell_percent	b_cell_percent
T1	1783	382	4607	38.7019752550467	8.29172997612329
T2	399	226	4897	8.1478456197672	4.61507045129671
T4	3940	3015	12239	32.1921725631179	24.6343655527412
T7	1278	497	4038	31.6493313521545	12.3080733036157
