gene	p_val	avg_log2FC	pct.1	pct.2	p_val_adj	pct_diff
CYP17A1	1.6272051930852534e-7	-5.121913797045948	0	1	0.005398578669098945	-1
IGKC	3.077188072175355e-7	3.415863083936503	1	0.5	0.010209186867056175	0.5
