gene	p_val	avg_log2FC	pct.1	pct.2	p_val_adj
ANGPT1	2.5677318242965317e-7	4.508877812702885	1	0.5	0.008479934349739296
EFEMP1	1.5708447683689929e-9	3.9738149596901735	1	0.5	5.187714847538599e-5
CXCL12	1.2399353295054656e-10	3.892849959587731	1	0.667	4.0948864256918e-6
CP	1.044930550561637e-6	3.44983981243879	1	0.5	0.03450883143229806
PAPPA	1.4299532218598133e-9	3.1724720319283595	1	0.667	4.7224205151920334e-5
ALDH1A3	1.2056984104263352e-8	2.8168582617004287	1	0.5	3.9818190004329716e-4
IGF2	1.0802460425019258e-8	1.329629024271356	1	0.833	3.56751255536261e-4
VCAN	1.1901486947760163e-7	1.222606579732933	1	1	0.003930466064497794
