gene	p_val	avg_log2FC	pct.1	pct.2	p_val_adj
FHL5	1.3652414775858306e-12	5.402295657440268	1	0.628	4.52946165018651e-8
RCAN2	3.356899854680364e-7	4.089985725255853	1	0.798	0.011137186647873042
MZB1	8.110698716662815e-7	-3.108505813000034	0.625	0.766	0.02690886513227222
BCL11A	1.3375438190073888e-6	-2.333029662084673	0.625	0.872	0.04437569128320814
SEPT6	1.5054743841159464e-6	-1.2037962539476117	0.875	0.915	0.04994712364181475
TMEM154	5.121584486059827e-7	-1.1535695161962334	0.5	0.787	0.01699188084940069
RAB11FIP1	1.065130601215735e-6	-1.0269374333107457	0.75	0.872	0.03533783795653444
