gene	p_val	avg_log2FC	pct.1	pct.2	p_val_adj
CCL21	8.777546477886411e-8	7.135796436500945	0.75	0.473	0.0029121265949683746
TBX1	9.901735719849516e-13	5.868375693087755	0.75	0.703	3.2850988597744736e-8
IGHA1	1.3039790763138836e-6	-4.609750163964064	0.25	0.791	0.043262113814865714
SLC27A3	3.248473676472369e-8	4.549151349302619	1	0.78	0.001077746111643238
CYB5RL	4.238533530999117e-14	4.354628168978665	0.75	0.725	1.406218269579577e-9
