gene	p_val	avg_log2FC	pct.1	pct.2	p_val_adj
IGHM	3.3824767762673126e-8	-4.585283935192457	0.75	0.737	0.00111706295536228
BCL2	1.0189537827234726e-6	-3.603134799619113	0.75	0.947	0.03365094867444268
CELF2	5.724974218852557e-7	-3.447935351170529	0.75	0.974	0.01890672735776057
FKBP5	3.945577267258221e-8	-2.9224567189961768	1	1	0.0013030268925120275
PGGHG	2.2701648683385665e-7	-1.5997678216377944	0.75	0.855	0.007497219477688116
