gene	p_val	avg_log2FC	pct.1	pct.2	p_val_adj
LRRC4C	1.1327157925229068e-6	3.3119301665236645	1	0.935	0.037407939048068994
BCL2	6.395487420171987e-7	-3.250867577900196	1	0.935	0.021121097205117987
ARG2	2.685959411949742e-7	2.9510048797614226	1	0.753	0.008870380957964023
UGCG	9.926327226339562e-8	2.2865557232620652	1	0.922	0.00327816956649864
MAML2	6.988239822519594e-7	-2.0223313329761625	1	1	0.02307866201387096
PGGHG	1.1702574791327301e-6	-1.125859413977293	1	0.844	0.03864775324835841
