"receptor","cell_type","avg_expression"
"EPOR","Myeloid",0.300725342971213
"EPOR","Endo",0.293152153433673
"EPOR","ZF",0.279415624477073
"EPOR","ZR",0.271905048185707
"EPOR","ZG",0.236268534274813
"MC2R","ZR",0.587429334113637
"MC2R","ZG",0.446781115945112
"MC2R","ZF",0.442915399821216
"MC2R","CLC",0.224487178182787
"MC2R","LEC",0.14621391200409
