gene	p_val	avg_log2FC	pct.1	pct.2	p_val_adj
EMILIN2	3.8414025762848315e-8	-1.8639825202901175	1	1	0.0012744621327340185
