gene	p_val	avg_log2FC	pct.1	pct.2	p_val_adj
THRB	5.432707945016234e-7	-0.5987020863176618	1	1	0.01802409514918036
