gene	p_val	avg_log2FC	pct.1	pct.2	p_val_adj
IFNLR1	5.093037956017937e-7	-0.7138821060473415	0.75	0.833	0.016897172026680708
TTC39C	1.3391525804632408e-6	-0.6539409516963994	1	0.917	0.04442906516202894
CHD3	3.5101112091449484e-7	-0.4608517095241723	1	0.917	0.011645495958580195
ADCY3	5.040465144837772e-8	-0.30200840375146876	1	0.889	0.0016722751211028276
