gene	p_val	avg_log2FC	pct.1	pct.2	p_val_adj
EMILIN2	9.906693700716073e-8	-1.6856499129810958	1	1	0.0032867437690865717
IL1RN	2.9680320826506164e-8	-1.625644807387089	0.5	0.75	9.84704004060995e-4
CXCL8	2.102954081149511e-10	-1.4573717476654977	0.75	0.75	6.976970755029733e-6
GJC2	9.641110198745692e-7	-1.1611161113121118	0.625	0.625	0.031986311306378586
