gene	p_val	avg_log2FC	pct.1	pct.2	p_val_adj
PLPP3	1.1316622891645802e-8	-1.8112762004256453	1	1	3.7545159767613277e-4
AP001636.3	3.682248886944117e-7	1.6738390223221855	1	0.875	0.012216597132214497
SPECC1	2.593855153408672e-7	1.0966902669798502	1	1	0.008605633242463951
