gene	p_val	avg_log2FC	pct.1	pct.2	p_val_adj
OLR1	1.0560810667378331e-6	-1.79148839640617	0.5	0.625	0.03503760155116109
EMILIN2	1.2025472727757677e-8	-1.6623017349013849	1	1	3.9896910868881646e-4
CIITA	7.2418822760028e-8	-1.3843047920355271	1	1	0.002402639282709449
FLJ31356	8.928651422464191e-7	-1.3354301506864017	0.875	0.75	0.029622586824309446
KLHL5	1.0187778607857635e-7	-1.236100568018967	1	1	0.0033799993087289273
SPECC1	5.386315009954789e-7	-1.0134879954885103	1	1	0.017870177308527004
