gene	p_val	avg_log2FC	pct.1	pct.2	p_val_adj
CIITA	1.352289662379231e-6	-1.377296277490037	1	0.977	0.04486491412875575
PCNX2	1.1852393004419612e-6	-1.143242753830435	1	0.955	0.03932268427076294
AP001636.3	9.842133057386266e-7	-1.1170027622599086	0.875	0.886	0.03265324484449041
SPECC1	1.1334459400471145e-6	-1.0229104778297429	1	0.977	0.037604335952943116
ZNF438	5.779100765086293e-7	0.9249546363339133	1	0.977	0.019173322608326795
