gene	p_val	avg_log2FC	pct.1	pct.2	p_val_adj
FGF13	1.8719569944939083e-8	-2.526711438281925	0.75	1	6.21059172063244e-4
PLPP3	9.201000040886116e-10	-2.3473283759341412	0.875	1	3.0526157835647864e-5
SORL1	4.3710869200038847e-07	1.7002315469454357	1	1	0.014501955074496888
PCNX2	1.4144553830715438e-6	1.5399710100048103	1	1	0.04692738624416461
COLEC12	4.418288121882569e-7	-1.4981192337122653	0.875	1	0.0146585545019698
PRAM1	9.954924526721274e-7	1.0845187480002227	0.875	1	0.03302745310230317
TNFAIP2	1.6816569848877533e-8	-0.9962956300093904	1	1	5.579233378762099e-4
PDGFC	1.954228336346133e-7	-0.6452970484652107	1	1	0.006483543351495566
