gene	p_val	avg_log2FC	pct.1	pct.2	p_val_adj
PLPP3	1.0622351359630164e-6	-1.7361438276085819	0.875	1	0.035241775105844995
TNFAIP2	9.126058149214371e-7	-0.8303440596626523	1	1	0.030277523121648522
