gene	p_val	avg_log2FC	pct.1	pct.2	p_val_adj
BTG2	1.1758245013239978e-6	1.5681014039799686	1	0.977	0.03901032948042628
FGL2	3.443215625079788e-7	1.2162842164063448	1	0.977	0.011423556479327213
