gene	p_val	avg_log2FC	pct.1	pct.2	p_val_adj
KIF18B	1.148988041765067e-6	-1.3389592704125575	0.375	0.682	0.038119976261639626
