gene	p_val	avg_log2FC	pct.1	pct.2	p_val_adj
FGL2	3.321176309866592e-7	1.1245537622525479	1	1	0.011018666643244392
ANXA5	8.676667802874308e-7	0.9670630389932633	1	1	0.028786580769596094
