gene	p_val	avg_log2FC	pct.1	pct.2	p_val_adj
CIITA	4.6000143541650125e-7	-1.4660037916412085	1	1	0.015261467622813262
ADGRE2	7.317056116748689e-7	-1.3965121871563446	0.875	0.95	0.024275797078537126
PCNX2	6.217950115572234e-7	-1.2224017964822051	1	0.975	0.020629293098434
AP001636.3	3.822218375828098e-7	-1.2078898560136802	0.875	0.9	0.01268097390548488
ZNF438	8.944212611673925e-7	0.886321655541419	1	0.975	0.02967421418175058
ACER3	4.391381874315936e-7	0.6481438166117193	1	1	0.014569287644417981
