gene	p_val	avg_log2FC	pct.1	pct.2	p_val_adj
KIF18B	1.1489880417650565e-6	-1.3389592704125575	0.375	0.682	0.03811997626163928
