gene	p_val	avg_log2FC	pct.1	pct.2	p_val_adj
FLT3	9.882682415474806e-7	-2.747505040996736	0.75	0.85	0.03278777544982076
SPN	1.3520387845584006e-6	-2.126162087657833	0.75	0.817	0.04485659075529406
TTC39C	1.1065815823312653e-6	-0.793598404191752	1	0.9	0.03671305715700439
SLC20A2	5.825292027429302e-7	-0.5800046769213653	1	0.933	0.019326571359402196
