gene	p_val	avg_log2FC	pct.1	pct.2	p_val_adj	pct_diff
CCL21	9.166021534203529e-8	7.1303384293023715	0.75	0.473	0.003041010964402705	0.277
TBX1	4.205141669979707e-13	5.869269014247906	0.75	0.703	1.3951398518491674e-8	0.04700000000000004
IGHA1	1.2408336289016793e-6	-4.609763783209813	0.25	0.791	0.041167137306071015	-0.541
SLC27A3	2.9854380103895386e-8	4.546173757934362	1	0.78	9.904787687069372e-4	0.21999999999999997
CYB5RL	3.88812595462569e-14	4.353391910026609	0.75	0.725	1.2899635479661652e-9	0.025000000000000022
