gene	p_val	avg_log2FC	pct.1	pct.2	p_val_adj	pct_diff
CCL21	9.166021534946064e-8	7.1303384293023715	0.75	0.473	0.0030410109646490553	0.277
TBX1	4.2051416699236547e-13	5.869269014247906	0.75	0.703	1.3951398518305709e-8	0.04700000000000004
IGHA1	1.2408337102434114e-6	-4.609763783209813	0.25	0.791	0.04116714000474566	-0.541
SLC27A3	2.9854380101972436e-8	4.546173757934362	1	0.78	9.904787686431395e-4	0.21999999999999997
CYB5RL	3.88812595334875e-14	4.353391910026609	0.75	0.725	1.289963547542515e-9	0.025000000000000022
