gene	p_val	avg_log2FC	pct.1	pct.2	p_val_adj	pct_diff
CENPM	1.8945822887934516e-8	5.390824300635881	0.333	0.75	6.285655659530034e-4	-0.417
ATP1A2	4.911877175435014e-7	4.618196485180458	0.667	0.25	0.016296134904940748	0.41700000000000004
FST	6.028913207196524e-12	4.295287260282137	0.333	0.75	2.0002125347515907e-7	-0.417
CXCL12	1.11444499234701e-6	3.832610299953448	0.333	0.75	0.03697394151109675	-0.417
EBF3	6.388489550197207e-7	3.2588040733067736	0.333	0.75	0.021195091780689273	-0.417
