gene	p_val	avg_log2FC	pct.1	pct.2	p_val_adj	pct_diff
RPL13	2.7669851381101037e-7	4.462285617746616	0.25	0.45	0.00918002659270789	-0.2
